UniProt_ID,Source,ID,Text,Organism,Score,Identity,Alignment Length,Sequence
C4QZS3,ref,XP_002491027.1,"ATPase involved in protein import into the ER, also acts as a chaperone to mediate protein folding i",Komagataella phaffii GS115,2169.0,418/648 (64.5%),648,ALMYAMLLVVVPFAKPVRADDVESYGTVIGIDLGTTYSCVGVMKSGRVEILANDQGNRITPSYVSFT-EDERLVGDAAKNLAASNPKNTIFDIKRLIGMKYDAPEVQRDLKRLPYTVKSKNGQPVVSVEYKG-EEKSFTPEEISAMVLGKMKLIAEDYLGKKVTHAVVTVPAYFNDAQRQATKDAGLIAGLTVLRIVNEPTAAALAYGLDKTGEERQIIVYDLGGGTFDVSLLSIEGGAFEVLATAGDTHLGGEDFDYRVVRHFVKIFKKKHNIDISNNDKALGKLKREVEKAKRTLSSQMTTRIEIDSFVDGIDFSEQLSRAKFEEINIELFKKTLKPVEQVLKDAGVKKSEIDDIVLVGGSTRIPKVQQLLEDYFDGKKASKGINPDEAVAYGAAVQAGVLSGEEGVDDIVLLDVNPLTLGIETTGGVMTTLINRNTAIPTKKSQIFSTAADNQPTVLIQVYEGERALAKDNNLLGKFELTGIPPAPRGTPQVEVTFVLDANGILKVSATDKGTGKSESITINNDRGRLSKEEVDRMVEEAEKYAAEDAALREKIEARNALENYAHSLRNQVTDDSETGLGSKLDEDDKETLTDAIKDTLEFLEDNFDTATKEELDEQREKLSKIAYPITSKLYGAPEGGTPPGGQ
A0A1B2JHD1,gb,ANZ77450.1,BA75_05122T0,Komagataella pastoris,2166.0,415/643 (64.5%),643,LYAMLMVVVPFAKPVRADDVESYGTVIGIDLGTTYSCVGVMKSGRVEILANDQGNRITPSYVSFT-EDERLVGDAAKNLAASNPKNTIFDIKRLIGMKFDSPEVQRDLKRLPYSVKSKNGQPIVSVEYKG-EEKSFTPEEISAMVLGKMKLIAEDYLGKKVTHAVVTVPAYFNDAQRQATKDAGLIAGLTVLRIVNEPTAAALAYGLDKTGEERQIIVYDLGGGTFDVSLLSIEGGAFEVLATAGDTHLGGEDFDYRVVRHFVKIFKKKHNIDISDNDKALGKLKREVEKAKRTLSSQMTTRIEIDSFVDGIDFSEQLSRAKFEEINIELFKKTLKPVEQVLKDAGVKKSEIDDIVLVGGSTRIPKVQQLLEDFFDGKKASKGINPDEAVAYGAAVQAGVLSGEEGVDDIVLLDVNPLTLGIETTGGVMTTLINRNTAIPTKKSQIFSTAADNQPTVLIQVYEGERALAKDNNLLGKFELTGIPPAPRGTPQVEVTFVLDANGILKVSATDKGTGKSESITINNDRGRLSKEEVDRMVEEAEKYAAEDAALREKIEARNALENYAHSLRNQVTDDSETGLGSKLDEDDKETLTDAIKDTLEFLEDNFDTATKEELDEQREKLSKIAYPITSKLYGAPEGGAPP
A0A1B2JGS7,gb,ANZ77264.1,BA75_04779T0,Komagataella pastoris,2138.0,407/609 (66.8%),609,AVGIDLGTTYSCVAHFANDRVEIIANDQGNRTTPSFVAFT-DTERLIGDAAKNQAAMNPANTVFDAKRLIGRKFSDAETQADIKHFPFKVVDKGGKPNIQVEFKG-ETKVFTPEEISSMVLTKMKDTAEQFLGDKVNDAVVTVPAYFNDSQRQATKDAGLIAGLNVMRIINEPTAAAIAYGLDKKSEGEKNVLIFDLGGGTFDVSLLSIEDGIFEVKATAGDTHLGGEDFDNRLVNHFIAEFKRKNKKDLSSNQRALRRLRTACERAKRTLSSSAQTSIEIDSLFEGVDFYTSLTRARFEELCGDLFRSTIEPVEKVLKDAKLDKSQVNEIVLVGGSTRIPKVQKLVSDFFNGKEPNRSINPDEAVAYGAAVQAAILSGDTSSKTQDLLLLDVAPLSLGIETAGGIMTKLIPRNSTIPTKKSETFSTYADNQPGVLIQVYEGERAKTADNNLLGKFELSGIPPAPRGVPQIEVTFDMDANGILNVSAVEKGTGKAQQITITNDKGRLSKEDIEAMISEAEKYKDEDEKEAARIQARNALESYSFSLKNTLNEKE-VGEKLDAADKESLTKAIDETTSWIDENQTATTEEFEAKQKELEGVANPIMTKFY
A0A1B2J5W9,gb,ANZ73378.1,BA75_00236T0,Komagataella pastoris,2123.0,408/617 (66.1%),617,MGKSIGIDLGTTYSCVAHFANDRVEIIANDQGNRTTPSFVAFT-DTERLIGDAAKNQAAMNPANTVFDAKRLIGRKFDDPETQADIKHFPFKVIDKGGKPNIQVEFKG-ETKVFSPEEISSMVLTKMKDTAEQYLGEKINDAVVTVPAYFNDSQRQATKDAGLIAGLNVQRIINEPTAAAIAYGLDKKDAGHGEHNILIFDLGGGTFDVSLLSIDEGIFEVKATAGDTHLGGEDFDNRLVNHFIAEFKRKTKKDLSTNQRSLRRLRTACERAKRTLSSSAQTSIEIDSLFEGIDFYTSITRARFEELCADLFRSTIEPVERVLKDSKLDKSQVHEIVLVGGSTRIPKVQKLVSDFFNGKEPNKSINPDEAVAYGAAVQAAILSGDTSSKTQDLLLLDVAPLSLGIETAGGIMTKLIPRNSTIPAKKSEIFSTYADNQPGVLIQVFEGERTRTKDNNLLGKFELSGIPPAPRGVPQIEVTFDMDANGILNVFAVEKGTGKTQKITITNDKGRLSKEDIERMVSEAEKFKDEDDKEAERVAAKNGLESYAYSLKNSAAESGFKDKVG----EDDLAKLNKSVEETISWLDQSQSASTDEYKDRQKELEEVANPIMSKFY
A0A1B2JG62,gb,ANZ77020.1,BA75_03811T0,Komagataella pastoris,1749.0,344/602 (57.1%),602,IGIDLGTTYSCVATYDSA-VEIIANEQGNRVTPSFVAFTPE-ERLIGDAAKNQAALNPKNTVFDAKRLIGRAFDDESVQKDIKSWPFKVVNDNGNPLIEVEYLG-ETKQFSPQEISSMVLTKMKEVAEAKIGQKVEKAVVTVPAYFNDAQRQATKDAGAISGLNVLRIINEPTAAAIAYGLGAGKSEEEKHVLIFDLGGGTFDVSLLHIAGGVFTVKATAGDTHLGGQDFDTNLLEFFKKDFQKKTGKDISDDARALRRLRTACERAKRTLSSVAQTTVEVDSLFDGEDFTTEISRAKFEAINADLFKSTLEPVEQVLKDSKIEKAKVDDVVLVGGSTRIPKVQKLLSDFFDGKQLEKSINPDEAVAYGAAVQGAILTGQSTSEETKDLLLLDVIPLSLGVAMQGNVFAPVVPRNTTVPTIKRRTFTTVDDHQTTVQFPVYQGERVNCSENTLLGEFDLKNIPPMSAGEPVLEAIFEIDANGILKVTAVEKSTGRSANITISNSIGRLSSSEIEKMINDADKFKKADEDFANRHESKQKLEAYVSSIESTITDP-ILSSKLKRSAKDKIESALSDALAALE-LEDASGDDFRKAELALKRVV
Q1W5W1,gb,ABD90519.1,heat shock protein 70,Komagataella pastoris,1744.0,344/607 (56.7%),607,IGIDLGTTYSCVATYDSA-VEIIANEQGNRVTPSFVAFTPE-ERLIGDAAKNQAALDPKNTVFDAKRLIGRAFDDESVQKDIKSWPFKVVNDNGNPSIEVEYLG-ETKQFSPQEISSVVLTKMKEVAEAKIGQKVEKAVVTVPAYFNDAQRQATKDAGAISGLNVLRIINEPTAAAIAYGLGAGKSEEEKHVLIFDLGGGTFDVSLLHIAGGVFTVKATAGDTHLGGQDFDTNLLEFFKKEFQKKTGKDISDDARALRRLRTACERAKRTLSSVAQTTVEVDSLFDGEDFTAEISRAKFEAINADLFKSTLEPVEQVLKDSKIEKSKVDDVVLVGGSTRIPKVQKLLSDFFDGKQLEKSINPDEAVAYGAAVQGAILTGQSTSEETKDLLLLDVIPLSLGVAMQGNVFAPVVPRNTTVPTIKRRTFTTVDDHQTTVQFPVYQGERVNCSENTLLGEFDLKNIPPMSAGEPVLEAIFEIDANGILKVTAVEKSTGRSANITISNSIGRLSSSEIEKMINDADKFKKADEDFANRHESKQKLEAYVSSIESTITDP-ILSSKLKRSAKDKIESALSDALAALE-LEDASGDDFRKAELALKRVVTKAMS
A0A1B2J655,gb,ANZ73457.1,BA75_00387T0,Komagataella pastoris,1528.0,314/612 (51.3%),612,GQVIGIDLGTTNSAVAVMEGKSPKIIENAEGARTTPSVVAFTKEGERLVGVAAKRQAVVNPENTLFATKRLIGRRFEDAEVQRDIKQVPYKIV-KHTNGDAWLEARG---ERYSPSQIGGFVLNKMKETAEAHLGKPVKDAVVTVPAYFNDSQRQATKDAGAIVGLNVARVVNEPTAAALAYGLEKTDANV-VAVFDLGGGTFDISILDIDNGVFEVKSTNGDTHLGGEDFDIALVRYIVDAFKKESGLDLHDDRMAIQRIREASEKAKIELSSAASTEVNLPFITADASGPKHINLKMSRSQLEQLVDPLIKRTVEPVKKALKDASLSTSDVSEVILVGGMTRMPKVVETVKQLF-GKEPSKAVNPDEAVAIGAAIQGAVLSGE--VKDVLLLDVTPLSLGIETLGGVFTRLIPRNTTIPTKKSQVFSTASSGQTSVEIRVFQGERELVRDNKLIGNFTLAGIPPAPKGVPQIEVTFDIDADGIINVSAKDKASGKDNSITVAGSSG-LSESEIEKMINDAEKFAEEDKVRKEAIETANRADQLCNDTENSLNEFKDKVDKTEAEEISKKISELKEIIAKVNSGEAIDAATVKEKTEDLQNASLKLFEKMY
A0A1B2J6E3,gb,ANZ73552.1,BA75_00429T0,Komagataella pastoris,1359.0,273/587 (46.5%),587,VIGIDLGTTNSAVAVFEGKEPKILENEEGKRTTPSIVAFTPE-TVLVGEPAKRQSILNYQNTFYATKRLIGRKYSDPEVQRDISNVPYCIIEHENGDAWLQNMHSGQK--YSPSQIGSLILGKMKQIAELNLSETVSQAVVTVPAYFNDSQRQATKIAGDLVGLKVLRVINEPTAASLAYGLN-RKNDGIIAVYDLGGGTFDISILDIEAGVFEVIATNGDTHLGGEDFDHLLVDYILQQFKSQTGQDLSTDRLALQRIRQAAEKAKIDLSTVKETTIELPFITKTQHINLKLTEDQLDDMSLHLINRTVQPVKKCLRDADLTTSDIDEVILVGGMTRMPKIRKVVEETF-GKKPNISVNPDEAVALGAAIQGAVLSG--EIKDVLLLDVTPLTLGIETFGGIFSPLIPRNTKVPCKVQQMYSTAVDGQNSIEVNVYQGERSLVRDNKLIGQFKLSDLEPQPKGVPQIKVSFEIDADGIIKVNAKDTTTNQDASITVFGSTG-LTSEEVERIVAESKNNSETDRIRKEIYTKANNLELLLFDCDNALS---QWGNYMDDSDKKELTKRISDLREVIQEARDEKLEDI
A0A1B2JES7,gb,ANZ76492.1,BA75_04326T0,Komagataella pastoris,579.0,189/647 (29.2%),647,GVDLGNNNTVIGVARNRGIDILVNEVSNRQTPSIVGFGAKS-RAIGESGKTQQNSNLKNTVEHLVRILGLPADSPDYEIEKKYFTSPLIEKDNEILSEVNFQGKKT-TFTPIQLVAMYLNKIKNTAIKETKGKFTDICLAVPVWFTEKQRSAASDACKVAGLNPVRIVNDITAAAVGYGVFKTDLPEDEAKKVAIVDIGHSTYSVLIAAFKKGELKVLGSASDKHFGGRDFDYAITKHFAEEFKSKYKIDITQNAKAWSRVYTAAERLKKVLSANTTAPFNVESVMNDVDVSSSLTREELETLVQPLLDRAHTPVERALAMAGLKAEDVDTVEVVGGCTRVPALKATLSEVF-GKPLSFTLNQDEAIARGAAFICAMHSPTLRVRPFKFEDVNPYSVSYYWDKDPAAEDDDHLEVFPVGGSF----PSTKVITLYRSQDFNIEARYTDKNALPAGTQEFIGRWSIKGVVVNEGEDTIQTKIKLRND---------PSGFHIVESAYTVEKKTIQEPIEDPEADEDAEPQYKTVEKLVKKNDLEI-NGQTLHLPDELLNSYLETEAALEVQDKLVADTEERKNALEEYIYELRGKLEDQYK---EFASEQEKTKLSAMLEKAEEWLYDEGYDSTKAKYIAKYEELASI
A0A1B2J7B3,gb,ANZ73875.1,BA75_01516T0,Komagataella pastoris,539.0,142/461 (30.8%),461,SFIGLHFGNTSTSIAVTKGDGKVDVIASPDGERAIPSALSYVGTDEYH-GGQALAQLIRNPQNTIINFRDFAGVSFDKAVLPEIVNSAKAINVDGKVGYEIEED---GKKTKITVDEVIKRHFQQIKAAAEDYIGNKVEGVVLTTPTNFSDEQKKALKSATKEAGLNVLQFINEPSAALLAHLTANNKLEEDKIYVVADFGGVRSDAAVITARGGIFTILATEHNFELGGDQLDAALSEFFAKEFEKKYKANPRKTQRSLAKLKSECITTKKTLSNVQSSTISIDSLSDGFDFHSSINRLRYEVVARDIFSKMASFVEETVRKAGLETLDIDEVLLVGGTSNTPRLSSNVQFIFPESTVVVSPALDSKALDPSELICRGAALQAALIESYDEDEINQSLQPVVVNLEHIAKPIGLKNADGEFIQIISRETAYPIKRSLTFDTPGD----VLIELYEGERTI
A0A1B2JDN2,gb,ANZ75945.1,BA75_02681T0,Komagataella pastoris,65.0,13/26 (50.0%),26,ELSSEDLETMDDNVERIIQWINSWRE
A0A1B2JDF6,gb,ANZ76060.1,BA75_02174T0,Komagataella pastoris,59.0,13/33 (39.4%),33,SNPQYAQFNDQYIYAFTWEDP--REDIKILNLK
